model,hardware,total_params,total_samples,elapsed_time,sps,batch_size,max_length,task,score.rouge.rouge1,score.sacreblue.score,score.sari.sari,score.em.exact_match,utilization.total_memory,utilization.memory_used,utilization.cuda_allocated,utilization.cuda_reserved,utilization.ram_usage
coedit-large,HomeDesktop (RTX3080),783092736,3,9.96779489517212,0.30096927470418194,5,256,gec,0.8529318792476688,65.16071672649706,71.8374051435433,0.0,10736893952,10366541824,3293166592,6673137664,19201527808
coedit-large,HomeDesktop (RTX3080),783092736,2,5.775079965591431,0.3463155509389,5,256,coherence,1.0,100.00000000000004,94.90270146520146,1.0,10736893952,10354614272,3293166592,6673137664,20196032512
coedit-large,HomeDesktop (RTX3080),783092736,2,4.390908718109131,0.4554865811150967,5,256,simplification,1.0,100.00000000000004,100.0,1.0,10736893952,10354876416,3293166592,6673137664,20191076352
coedit-large,HomeDesktop (RTX3080),783092736,2,3.976644992828369,0.5029365215167245,5,256,paraphrase,0.8333333333333333,70.5384204634181,88.72936091686093,0.5,10736893952,10387316736,3293166592,6673137664,20102963200
coedit-large,HomeDesktop (RTX3080),783092736,1,4.746070623397827,0.21070061517206748,5,256,clarity,0.962962962962963,76.11606003349888,69.55505666890106,0.0,10736893952,10386989056,3293166592,6673137664,20135415808
coedit-large,HomeDesktop (RTX3080),783092736,2,5.074954986572266,0.3940921654067405,5,256,neutralize,0.967741935483871,90.81202769209472,82.59588275459522,0.5,10736893952,10337280000,3293166592,6673137664,20026789888
