model,total_samples,total_params,sps,task,score.rouge.rouge1,score.sacreblue.score,score.sari.sari,score.em.exact_match
grammarly/coedit-large,100,783092736,2.083887928303075,fluency,0.9654062837992796,85.66081415729968,52.33387425863478,0.0
google/flan-t5-large,100,783150080,1.1796385131258953,fluency,0.9716951871940852,89.45734697367203,60.91905343829529,0.0
TheBloke/Nous-Hermes-Llama-2-7B-GPTQ,100,262410240,0.2279971316473757,fluency,0.5329106202789279,28.24786076958948,64.93343806576448,0.0
TheBloke/phi-2-GPTQ,100,262364160,0.8039060963211832,fluency,0.3078833232553331,17.683246474128893,65.1813417489092,0.0
facebook/bart-large,100,406291456,29.612745746265123,fluency,0.884185296381374,76.02456230597465,57.88680265708641,0.0
facebook/bart-large,100,406291456,1.3712062651149903,fluency,0.884185296381374,76.02456230597465,57.88680265708641,0.0
iliazlobin/bart-grammarly,100,1.759985911062491,fluency,406291456,0.9588676015037141,87.51824845694881,56.46073895963886,0.0
