model,hardware,total_params,total_samples,elapsed_time,sps,batch_size,max_length,task,score.rouge.rouge1,score.sacreblue.score,score.sari.sari,score.em.exact_match,utilization.total_memory,utilization.memory_used,utilization.cuda_allocated,utilization.cuda_reserved,utilization.ram_usage
bart-large,HomeDesktop (RTX3080),406291456,1127,284.44660472869873,3.9620792840010064,10,350,neutralize,0.8059467133194345,69.04782540367627,58.96461101892346,0.0,10736893952,10681786368,1633888256,9407823872,23810224128
bart-large,HomeDesktop (RTX3080),406291456,1144,465.4324378967285,2.457929243543257,10,350,simplification,0.5092060772083089,21.90457944300691,45.84484311859347,0.0,10736893952,10684997632,1633888256,9407823872,23809732608
bart-large,HomeDesktop (RTX3080),406291456,126,101.66908550262451,1.2393147767297208,10,350,clarity,0.8041207591856359,65.30239237819917,57.72902459115896,0.0,10736893952,10680606720,1633888256,9407823872,23767822336
bart-large,HomeDesktop (RTX3080),406291456,1062,2038.57120347023,0.5209531058773776,10,350,coherence,0.8335211614688068,64.11797205929952,54.83357159970076,0.0,10736893952,10580889600,1633888256,9407823872,23820005376
bart-large,HomeDesktop (RTX3080),406291456,1590,3752.800504922867,0.4236835925368967,10,350,paraphrase,0.46787859408717,12.002908092383098,42.010667905723906,0.0,10736893952,10539044864,1633888256,9407823872,23984893952
bart-large,HomeDesktop (RTX3080),406291456,2031,3041.544825553894,0.6677527758053461,10,350,gec,0.7595599182058639,47.29906790130226,55.013194474163285,0.0,10736893952,10454634496,1633888256,9187622912,20668076032
