model,hardware,total_params,total_samples,elapsed_time,sps,batch_size,max_length,task,score.rouge.rouge1,score.sacreblue.score,score.sari.sari,score.em.exact_match,utilization.total_memory,utilization.memory_used,utilization.cuda_allocated,utilization.cuda_reserved,utilization.ram_usage
t5-large,HomeDesktop (RTX3080),737668096,2031,242.19509387016296,8.385801576512478,20,350,gec,0.35661683043117753,11.97157710166326,40.549591147116296,0.0004923682914820286,10736893952,8364265472,2959716352,6507462656,24416305152
t5-large,HomeDesktop (RTX3080),737668096,1127,139.47434449195862,8.08033910541144,20,350,neutralize,0.3523233382376998,13.726068241123615,35.369216818029514,0.0,10736893952,8319840256,2959716352,6507462656,25234264064
t5-large,HomeDesktop (RTX3080),737668096,126,20.49398899078369,6.148144222028381,20,350,clarity,0.4406936393368822,21.384575942355575,35.36146488674752,0.0,10736893952,8344416256,2959716352,6507462656,25251160064
t5-large,HomeDesktop (RTX3080),737668096,1144,142.4818184375763,8.029094606910887,20,350,simplification,0.29874169320701305,6.952660546022091,42.2960545594155,0.0,10736893952,8438345728,2959716352,6561988608,24900395008
t5-large,HomeDesktop (RTX3080),737668096,1062,132.56067776679993,8.011425544068695,20,350,coherence,0.396544685949142,19.40761265979459,27.617438856678415,0.0,10736893952,8388427776,2959716352,6561988608,25199624192
t5-large,HomeDesktop (RTX3080),737668096,1590,190.32637453079224,8.354070758295034,20,350,paraphrase,0.31938468949379323,6.831796578334924,37.66872556115411,0.0,10736893952,8443682816,2959716352,6561988608,24784822272
