model,total_params,category,total_samples,sps,score.rouge.rouge1,score.sacreblue.score,score.sari.sari,score.em.exact_match
google/flan-t5-large,783150080,fluency,100,2.5504086639409067,0.9717342482692852,89.75662430584337,61.013302733603616,0.0
google/flan-t5-large,783150080,clarity,100,3.833173166318285,0.8742583086524223,80.10247231480962,59.43259360823679,0.0
google/flan-t5-large,783150080,coherence,100,3.038591297001206,0.6475680339645637,57.3564042014874,54.22983923574469,0.0
