model,hardware,total_params,total_samples,elapsed_time,sps,batch_size,max_length,task,score.rouge.rouge1,score.sacreblue.score,score.sari.sari,score.em.exact_match,utilization.total_memory,utilization.memory_used,utilization.cuda_allocated,utilization.cuda_reserved,utilization.ram_usage
coedit-large,HomeDesktop (RTX3080),783092736,2031,187.23460817337036,10.847353594584343,20,350,gec,0.9417301515339955,75.52189723992572,87.31281927564095,0.5553914327917282,10736893952,9414139904,3359555584,8193572864,20155977728
coedit-large,HomeDesktop (RTX3080),783092736,1062,90.7774715423584,11.698937874739679,20,350,coherence,0.9940714666849593,97.98838539559723,92.96701959813434,0.807909604519774,10736893952,9310330880,3359555584,8193572864,21159723008
coedit-large,HomeDesktop (RTX3080),783092736,1144,69.9666543006897,16.350646053240293,20,350,simplification,0.7800149224920969,51.27831969147344,77.77130588040146,0.32867132867132864,10736893952,9302237184,3359555584,8193572864,20920848384
coedit-large,HomeDesktop (RTX3080),783092736,1590,92.41417670249939,17.20515246398335,20,350,paraphrase,0.6662320873258541,40.80218462083553,63.1413371403589,0.0220125786163522,10736893952,9332543488,3359555584,8193572864,21162070016
coedit-large,HomeDesktop (RTX3080),783092736,126,22.82159399986267,5.5210867391978935,20,350,clarity,0.9058686931955487,83.89784883204479,72.51596491979836,0.25396825396825395,10736893952,9329070080,3359555584,8193572864,20102959104
coedit-large,HomeDesktop (RTX3080),783092736,1127,113.5591390132904,9.924344353016814,20,350,neutralize,0.9689939529167266,93.83109109991133,85.49139506630242,0.5838509316770186,10736893952,9663332352,3359555584,8193572864,21199900672
