model,hardware,total_params,total_samples,elapsed_time,sps,batch_size,max_length,task,score.rouge.rouge1,score.sacreblue.score,score.sari.sari,score.em.exact_match,utilization.total_memory,utilization.memory_used,utilization.cuda_allocated,utilization.cuda_reserved,utilization.ram_usage
iliazlobin/gemma-2b-coedit,HomeDesktop (RTX3080),2506172416,126,139.39610958099365,0.9038989709163291,10,350,clarity,0.8525000991321239,75.35217765548724,57.73233309882409,0.007936507936507936,10736893952,7890673664,3057090560,6532628480,12284923904
iliazlobin/gemma-2b-coedit,HomeDesktop (RTX3080),2506172416,1144,554.4263393878937,2.063394032222597,10,350,simplification,0.5956759052785148,26.575632887494233,55.208517372478724,0.07080419580419581,10736893952,10042597376,3056888320,8631877632,12898955264
iliazlobin/gemma-2b-coedit,HomeDesktop (RTX3080),2506172416,2031,1482.3575615882874,1.370114777047357,10,350,gec,0.9026507064794635,68.53197804029635,74.52039483224418,0.2191038897095027,10736893952,10534858752,3051524608,9105833984,13325615104
iliazlobin/gemma-2b-coedit,HomeDesktop (RTX3080),2506172416,1127,912.6849405765533,1.2348182268549992,10,350,neutralize,0.9471066520612496,91.90428520064748,79.5776847738217,0.45962732919254656,10736893952,10576740352,3058157056,9107931136,13749112832
iliazlobin/gemma-2b-coedit,HomeDesktop (RTX3080),2506172416,1590,915.9524033069611,1.7358980600514313,10,350,paraphrase,0.5332524678513089,17.744190155563402,51.00808637717292,0.02012578616352201,10736893952,10499522560,3056526336,9107931136,13956931584
iliazlobin/gemma-2b-coedit,HomeDesktop (RTX3080),2506172416,1062,864.8481607437134,1.2279612170149599,10,350,coherence,0.9726846461745827,92.40446173238468,81.83189000086652,0.4171374764595104,10736893952,10494476288,3055548416,9107931136,14355210240
