model,hardware,total_params,total_samples,elapsed_time,sps,batch_size,max_length,task,score.rouge.rouge1,score.sacreblue.score,score.sari.sari,score.em.exact_match,utilization.total_memory,utilization.memory_used,utilization.cuda_allocated,utilization.cuda_reserved,utilization.ram_usage
bart-large-coedit,NC24 (A100),406291456,1590,354.8481698036194,4.480789631463902,100,350,paraphrase,0.5116531557523737,14.337135040972244,43.10653792855044,0.0,84987740160,46149402624,1633886720,44700794880,6945431552
bart-large-coedit,NC24 (A100),406291456,1127,791.0078430175781,1.4247646340656515,100,350,neutralize,0.9332211826533825,88.34870280800524,68.25164819367835,0.05944986690328305,84987740160,39717437440,1633886720,38268829696,7211352064
bart-large-coedit,NC24 (A100),406291456,1062,413.4545817375183,2.5686013577041718,100,350,coherence,0.944185611563167,83.3485528289128,65.44853514599961,0.054613935969868174,84987740160,39719534592,1633886720,38270926848,6909595648
bart-large-coedit,NC24 (A100),406291456,126,106.62321281433105,1.181731413584496,100,350,clarity,0.8784569972145271,78.74894060144246,62.11078456166612,0.007936507936507936,84987740160,39719534592,1633886720,38270926848,7364816896
bart-large-coedit,NC24 (A100),406291456,2031,1621.5715494155884,1.2524886741704175,100,350,gec,0.8858082284885336,59.30886132667031,64.66986258989749,0.07533234859675036,84987740160,78646870016,1633886720,77198262272,7476756480
bart-large-coedit,NC24 (A100),406291456,1144,502.54011058807373,2.276435205662068,100,350,simplification,0.5781050167309072,28.24480232240335,48.8689556887987,0.0008741258741258741,84987740160,78646870016,1633886720,77198262272,7475597312
