model,hardware,total_params,total_samples,elapsed_time,sps,batch_size,max_length,task,score.rouge.rouge1,score.sacreblue.score,score.sari.sari,score.em.exact_match,utilization.total_memory,utilization.memory_used,utilization.cuda_allocated,utilization.cuda_reserved,utilization.ram_usage
iliazlobin/t5-large-coedit,HomeDesktop (RTX3080),737668096,1127,99.55471134185791,11.320408495083962,20,350,neutralize,0.9345984440771747,88.88925200809757,69.22160529964609,0.07808340727595386,10736893952,8456749056,2959717888,5257560064,16314470400
iliazlobin/t5-large-coedit,HomeDesktop (RTX3080),737668096,1144,72.35123538970947,15.811754890403865,20,350,simplification,0.5756454028137281,28.159721395031095,49.01483553698067,0.0,10736893952,8612265984,2959717888,5479858176,20779782144
iliazlobin/t5-large-coedit,HomeDesktop (RTX3080),737668096,1590,92.76879668235779,17.139383681392264,20,350,paraphrase,0.49089820911318016,13.876131093539326,43.34193178307007,0.0006289308176100629,10736893952,8624578560,2959717888,5479858176,20709875712
iliazlobin/t5-large-coedit,HomeDesktop (RTX3080),737668096,1062,80.70291924476624,13.159375273390411,20,350,coherence,0.9422943132384911,84.62383457439117,67.1673642670334,0.064030131826742,10736893952,8605736960,2959717888,5479858176,20725186560
iliazlobin/t5-large-coedit,HomeDesktop (RTX3080),737668096,126,18.039865732192993,6.984530920047096,20,350,clarity,0.8791005220251644,78.99945106369442,61.93433229391854,0.0,10736893952,8612749312,2959717888,5479858176,20740374528
iliazlobin/t5-large-coedit,HomeDesktop (RTX3080),737668096,2031,137.90735483169556,14.727278341888773,20,350,gec,0.8885424516170547,60.42302582123768,67.219822862705,0.10142786804529788,10736893952,9815482368,2959717888,7293894656,20715585536
