model,hardware,total_params,category,total_samples,sps,score.rouge.rouge1,score.sacreblue.score,score.sari.sari,score.em.exact_match,utilization.total_memory,utilization.memory_used,utilization.cuda_allocated,utilization.cuda_reserved,utilization.ram_usage
iliazlobin/bart-grammarly,HomeDesktop (RTX3080),406291456,fluency,100,2.1616074151551734,0.9580054732590608,87.7132314163189,55.969051747569964,0.0,10736893952,8351469568,1633886720,7417626624,18248675328
iliazlobin/bart-grammarly,HomeDesktop (RTX3080),406291456,clarity,100,5.042168964155458,0.8777560673415911,79.63565197744329,56.77851833626107,0.0,10736893952,8580886528,1633886720,7417626624,18658160640
iliazlobin/bart-grammarly,HomeDesktop (RTX3080),406291456,coherence,100,2.4589333229761547,0.7023713068778183,54.46075809306864,57.37070343157213,0.0,10736893952,8540811264,1633886720,7417626624,16140238848
