model,hardware,total_params,total_samples,elapsed_time,sps,batch_size,max_length,task,score.rouge.rouge1,score.sacreblue.score,score.sari.sari,score.em.exact_match,utilization.total_memory,utilization.memory_used,utilization.cuda_allocated,utilization.cuda_reserved,utilization.ram_usage
iliazlobin/phi-2-coedit,HomeDesktop (RTX3080),2779683840,1127,980.6665389537811,1.1492183685621964,10,350,neutralize,0.9464173757380132,91.86964635099912,80.00789977364204,0.4614019520851819,10736893952,7734861824,3132245504,5857345536,14877569024
iliazlobin/phi-2-coedit,HomeDesktop (RTX3080),2779683840,1144,547.7559502124786,2.0885213561919937,10,350,simplification,0.5953937863276983,25.710060422829056,54.84612816413142,0.055944055944055944,10736893952,7842275328,3132122624,5972688896,14941958144
iliazlobin/phi-2-coedit,HomeDesktop (RTX3080),2779683840,126,145.6470603942871,0.8651049987476592,10,350,clarity,0.8640897314791005,76.9131533610657,58.41586334316268,0.015873015873015872,10736893952,7874256896,3132486144,5972688896,14947385344
iliazlobin/phi-2-coedit,HomeDesktop (RTX3080),2779683840,1590,830.6354253292084,1.914197193515832,10,350,paraphrase,0.5380618656680511,17.693173889990774,51.32202134262008,0.018867924528301886,10736893952,7854063616,3132553216,5972688896,15018037248
iliazlobin/phi-2-coedit,HomeDesktop (RTX3080),2779683840,1062,869.4169793128967,1.2215082351385664,10,350,coherence,0.9733367053307563,92.37295150528593,82.07760417175845,0.4171374764595104,10736893952,7955742720,3132527616,5972688896,15005896704
iliazlobin/phi-2-coedit,HomeDesktop (RTX3080),2779683840,2031,1665.877590417862,1.2191772142697186,10,350,gec,0.9031504574603795,68.51724867472997,74.98787426485859,0.22501230920728704,10736893952,9366867968,3132594176,7585398784,15010603008
