model,hardware,total_params,total_samples,elapsed_time,sps,batch_size,max_length,task,score.rouge.rouge1,score.sacreblue.score,score.sari.sari,score.em.exact_match,utilization.total_memory,utilization.memory_used,utilization.cuda_allocated,utilization.cuda_reserved,utilization.ram_usage
iliazlobin/gpt2-large-coedit,HomeDesktop (RTX3080),774030080,2031,263.45047664642334,7.7092287926501015,8,350,gec,0.8820027396714665,61.06635704165297,67.02221730671336,0.09699655342195962,10736893952,10422730752,3218543104,9114222592,24403918848
iliazlobin/gpt2-large-coedit,HomeDesktop (RTX3080),774030080,126,27.205488920211792,4.631418327732781,8,350,clarity,0.866226370515452,78.78335963544968,61.765588497898946,0.015873015873015872,10736893952,10444472320,3218543104,9114222592,24469389312
iliazlobin/gpt2-large-coedit,HomeDesktop (RTX3080),774030080,1127,158.1027865409851,7.128274109880074,8,350,neutralize,0.9418157767213542,90.66308790426747,73.04633194104171,0.18722271517302574,10736893952,10545651712,3218543104,9185525760,24483848192
iliazlobin/gpt2-large-coedit,HomeDesktop (RTX3080),774030080,1062,147.52327728271484,7.198863932264563,8,350,coherence,0.9480453578168001,86.35050798452353,70.10002435730081,0.12617702448210924,10736893952,10558709760,3218543104,9185525760,24493895680
iliazlobin/gpt2-large-coedit,HomeDesktop (RTX3080),774030080,1144,129.77679562568665,8.815135205677468,8,350,simplification,0.5731826061544226,26.037963909215613,50.57920191223801,0.020104895104895104,10736893952,10520498176,3218543104,9667870720,24436375552
iliazlobin/gpt2-large-coedit,HomeDesktop (RTX3080),774030080,1590,160.24445009231567,9.922340518401807,8,350,paraphrase,0.4907183691097595,13.662099974192666,43.23410398326884,0.0012578616352201257,10736893952,10626928640,3218543104,9747562496,24416264192
