model,hardware,total_params,total_samples,elapsed_time,sps,batch_size,max_length,task,score.rouge.rouge1,score.sacreblue.score,score.sari.sari,score.em.exact_match,utilization.total_memory,utilization.memory_used,utilization.cuda_allocated,utilization.cuda_reserved,utilization.ram_usage
bart-large-coedit,HomeDesktop (RTX3080),406291456,1590,375.92608618736267,4.2295548471396565,10,350,paraphrase,0.511659626969279,14.337135040972244,43.10653792855044,0.0,10736893952,7177428992,1633886720,5981077504,21047525376
bart-large-coedit,HomeDesktop (RTX3080),406291456,1127,625.5122606754303,1.801723276827638,10,350,neutralize,0.9331492039273289,88.34870280800524,68.25164819367835,0.05944986690328305,10736893952,7618863104,1633886720,6446645248,23572844544
bart-large-coedit,HomeDesktop (RTX3080),406291456,126,85.65173959732056,1.4710734492068818,10,350,clarity,0.8783493622304259,78.74894060144246,62.11078456166612,0.007936507936507936,10736893952,7608705024,1633886720,6446645248,23500873728
bart-large-coedit,HomeDesktop (RTX3080),406291456,1144,318.0249328613281,3.597202237281285,10,350,simplification,0.5784024918616064,28.24480232240335,48.8689556887987,0.0008741258741258741,10736893952,8941592576,1633886720,7759462400,23520296960
bart-large-coedit,HomeDesktop (RTX3080),406291456,1062,428.20418334007263,2.4801252330516754,10,350,coherence,0.9442278964375401,83.3485528289128,65.44853514599961,0.054613935969868174,10736893952,8947032064,1633886720,7761559552,23531454464
bart-large-coedit,HomeDesktop (RTX3080),406291456,2031,1025.5318577289581,1.98043579503971,10,350,gec,0.8858351663277526,59.30886132667031,64.66986258989749,0.07533234859675036,10736893952,10454753280,1633886720,9351200768,21064208384
