model,hardware,total_params,category,total_samples,sps,score.rouge.rouge1,score.sacreblue.score,score.sari.sari,score.em.exact_match,utilization.total_memory,utilization.memory_used,utilization.cuda_allocated,utilization.cuda_reserved,utilization.ram_usage
TheBloke/Llama-2-7B-GPTQ,HomeDesktop (RTX3080),262410240,fluency,10,0.36835908518881727,0.6734989974091647,39.97621935457283,65.73822214028286,0.0,10736893952,8323743744,4112736768,7073693696,20694888448
TheBloke/Llama-2-7B-GPTQ,HomeDesktop (RTX3080),262410240,clarity,10,0.39200903114372937,0.4073069418652645,18.56574132057038,61.186090702695694,0.0,10736893952,8845541376,4112736768,7597981696,22011068416
TheBloke/Llama-2-7B-GPTQ,HomeDesktop (RTX3080),262410240,coherence,10,0.41237717502624266,0.5397345836469556,25.652005002860438,59.11605958048487,0.0,10736893952,8849604608,4112736768,7597981696,22276657152
