model,total_samples,total_params,sps,task,score.rouge.rouge1,score.sacreblue.score,score.sari.sari,score.em.exact_match
grammarly/coedit-large,100,783092736,2.083887928303075,fluency,0.9654062837992795,85.66081415729968,52.33387425863478,0.0
google/flan-t5-large,100,783150080,1.1796385131258953,fluency,0.9716951871940851,89.45734697367203,60.91905343829529,0.0
