{"rouge":{"model":"grammarly\/coedit-large","scores":{"rouge1":0.9657615446,"rouge2":0.9400404484,"rougeL":0.9649097815,"rougeLsum":0.9648763269},"sps":3.7573952456,"task":"fluency","total_params":783092736,"total_samples":100},"sacreblue":{"model":"grammarly\/coedit-large","scores":{"score":86.0576415954,"counts":[4013,3695,3413,3151],"totals":[4203,4103,4003,3903],"precisions":[95.4794194623,90.056056544,85.2610542093,80.7327696644],"bp":0.9811459798,"sys_len":4203,"ref_len":4283},"sps":3.7573952456,"task":"fluency","total_params":783092736,"total_samples":100},"sari":{"model":"grammarly\/coedit-large","scores":{"sari":52.6803636861},"sps":3.7573952456,"task":"fluency","total_params":783092736,"total_samples":100},"em":{"model":"grammarly\/coedit-large","scores":{"exact_match":0.0},"sps":3.7573952456,"task":"fluency","total_params":783092736,"total_samples":100}}