{"rouge":{"model":"grammarly\/coedit-large","scores":{"rouge1":0.9651016301,"rouge2":0.9397938411,"rougeL":0.9647054456,"rougeLsum":0.9644068259},"sps":2.9250196956,"task":"fluency","total_samples":100},"sacreblue":{"model":"grammarly\/coedit-large","scores":{"score":85.6608141573,"counts":[3998,3678,3396,3134],"totals":[4186,4086,3986,3886],"precisions":[95.5088389871,90.0146842878,85.1981936779,80.6484817293],"bp":0.9770939404,"sys_len":4186,"ref_len":4283},"sps":2.9250196956,"task":"fluency","total_samples":100},"sari":{"model":"grammarly\/coedit-large","scores":{"sari":52.3338742586},"sps":2.9250196956,"task":"fluency","total_samples":100},"em":{"model":"grammarly\/coedit-large","scores":{"exact_match":0.0},"sps":2.9250196956,"task":"fluency","total_samples":100}}