{
    "prefill.memory.unit": "MB",
    "prefill.memory.max_ram": 1262.436352,
    "prefill.memory.max_vram": 0.0,
    "prefill.memory.max_reserved": 11452.547072,
    "prefill.memory.max_allocated": 11439.451648,
    "prefill.latency.unit": "s",
    "prefill.latency.mean": 0.45053256225585936,
    "prefill.latency.stdev": 0,
    "prefill.latency.values": [
        0.45053256225585936
    ],
    "prefill.throughput.unit": "tokens/s",
    "prefill.throughput.value": 71.0270526058604,
    "prefill.energy": null,
    "prefill.efficiency": null,
    "decode.memory.unit": "MB",
    "decode.memory.max_ram": 1263.108096,
    "decode.memory.max_vram": 0.0,
    "decode.memory.max_reserved": 11754.53696,
    "decode.memory.max_allocated": 11609.427456,
    "decode.latency.unit": "s",
    "decode.latency.mean": 19.7607405090332,
    "decode.latency.stdev": 0,
    "decode.latency.values": [
        19.7607405090332
    ],
    "decode.throughput.unit": "tokens/s",
    "decode.throughput.value": 10.019867418910163,
    "decode.energy": null,
    "decode.efficiency": null,
    "per_token.memory": null,
    "per_token.latency.unit": "s",
    "per_token.latency.mean": 0.19505260552300346,
    "per_token.latency.stdev": 0.021456559880665284,
    "per_token.latency.values": [
        0.1785446472167969,
        0.18919833374023437,
        0.18195762634277343,
        0.19235122680664063,
        0.17859584045410157,
        0.18020761108398436,
        0.19637657165527345,
        0.1751224365234375,
        0.20560281372070313,
        0.1846579132080078,
        0.17834495544433593,
        0.16277606201171874,
        0.2067527618408203,
        0.23909478759765626,
        0.1811179504394531,
        0.205191162109375,
        0.18637619018554688,
        0.18178150939941407,
        0.1792860107421875,
        0.185670654296875,
        0.15972966003417968,
        0.1693358154296875,
        0.17917030334472656,
        0.19312640380859375,
        0.196674560546875,
        0.18031309509277343,
        0.18580581665039062,
        0.17607066345214845,
        0.1720412139892578,
        0.17193881225585939,
        0.21070335388183595,
        0.18724864196777344,
        0.16169062805175782,
        0.1760122833251953,
        0.18580377197265624,
        0.19888128662109375,
        0.16076185607910157,
        0.17133978271484376,
        0.16942489624023438,
        0.18000895690917967,
        0.21535232543945312,
        0.21803724670410157,
        0.18497843933105468,
        0.17803468322753907,
        0.17143910217285158,
        0.16141722106933593,
        0.23875686645507813,
        0.19761663818359376,
        0.1982003173828125,
        0.18144461059570313,
        0.177723388671875,
        0.2057523193359375,
        0.19583897399902345,
        0.17455616760253906,
        0.16980581665039063,
        0.17661337280273437,
        0.19333120727539063,
        0.19803237915039062,
        0.186102783203125,
        0.1841080322265625,
        0.17913548278808594,
        0.19474432373046874,
        0.21311077880859375,
        0.1903513641357422,
        0.1994895324707031,
        0.18754969787597656,
        0.18378547668457032,
        0.17918258666992187,
        0.21310362243652345,
        0.2484920349121094,
        0.17280613708496093,
        0.2110371856689453,
        0.25183743286132815,
        0.18558770751953124,
        0.19414425659179688,
        0.19172454833984376,
        0.19553074645996094,
        0.21852569580078124,
        0.19141632080078125,
        0.22167449951171875,
        0.1955246124267578,
        0.195810302734375,
        0.21519769287109375,
        0.202134521484375,
        0.1980078125,
        0.19783270263671876,
        0.24874188232421876,
        0.20069888305664063,
        0.21646234130859374,
        0.22063410949707032,
        0.20659814453125,
        0.24170291137695313,
        0.21518949890136718,
        0.22555545043945313,
        0.2231480255126953,
        0.24962150573730468,
        0.23285964965820313,
        0.22264320373535157,
        0.21638450622558594
    ],
    "per_token.throughput.unit": "tokens/s",
    "per_token.throughput.value": 10.253644111224808,
    "per_token.energy": null,
    "per_token.efficiency": null
}