model,hardware,total_params,category,total_samples,sps,score.rouge.rouge1,score.sacreblue.score,score.sari.sari,score.em.exact_match,utilization.total_memory,utilization.memory_used,utilization.cuda_allocated,utilization.cuda_reserved,utilization.ram_usage
iliazlobin/gpt2-large-bnb4bit-coedit,HomeDesktop (RTX3080),443728640,fluency,10,0.8247413760947063,0.42422309885257353,25.24792575861845,14.228726961829649,0.0,10736893952,4325888000,789037568,3036676096,17190219776
iliazlobin/gpt2-large-bnb4bit-coedit,HomeDesktop (RTX3080),443728640,clarity,10,0.8821406862780048,0.7044986395300419,52.242270637753926,34.342356799399795,0.0,10736893952,4359049216,789037568,3036676096,17215336448
iliazlobin/gpt2-large-bnb4bit-coedit,HomeDesktop (RTX3080),443728640,coherence,10,1.0818681389118088,0.5259657651944001,41.65480326350308,31.83103927604012,0.0,10736893952,4308979712,789037568,3036676096,17307279360
